<?xml version="1.0" encoding="UTF-8" standalone="yes"?>
<addon id="plugin.gxx.music"
       name="Music Fever"
       version="1.0.2"
       provider-name="gaixixon">
    <requires>
        <import addon="xbmc.python" version="2.1.0"/>   
    </requires>
    <extension point="xbmc.python.pluginsource" library="default.py">
        <provides>audio</provides>
    </extension>
    <extension point="xbmc.addon.metadata">
        <summary lang="en">Listen to music</summary>
        <description lang="en">Questions? Comments? ==> http://forums.addons.center/board/21-gaixixon-addons/</description>
        <disclaimer lang="en">The author does not host or distribute any of the content displayed by this addon. The author does not have any affiliation with the content provider(s). Any likeness' portrayed do not endorse/support the author, sites or content within.</disclaimer>
        <platform>all</platform>
    </extension>
</addon>