<?xml version="1.0" encoding="UTF-8" standalone="yes"?>
<addon id="plugin.gxx.film"
       name="bbbbbbbbbbbbbbbb"
       version="1.1.14"
       provider-name="gaixixon@gmail.com">
    <requires>
        <import addon="xbmc.python" version="2.1.0"/>
	   <import addon="plugin.video.youtube"/>
    </requires>
    <extension point="xbmc.python.pluginsource" library="default.py">
        <provides>video</provides>
    </extension>
    <extension point="xbmc.addon.metadata">
        <summary lang="en">Watch Korean, US.. drama online</summary>
	   <forum>http://forums.addons.center/board/21-gaixixon-addons/</forum>
        <description lang="en">Questions? Comments? ==> http://forums.addons.center/board/21-gaixixon-addons/</description>
        <disclaimer lang="en">The author does not host or distribute any of the content displayed by this addon. The author does not have any affiliation with the content provider(s). Any likeness' portrayed do not endorse/support the author, sites or content within.</disclaimer>
        <platform>all</platform>
    </extension>
</addon>