<?xml version="1.0" encoding="UTF-8" standalone="yes"?>
<addon
  id="plugin.gxx.livetv"
  version="1.0.1"
  name="Live TV"
  provider-name="gaixixon">
  <requires>
    <import addon="xbmc.python" version="2.1.0"/>
		<import addon="script.module.urlresolver" version="0.0.1"/>
  </requires>
  <extension point="xbmc.python.pluginsource" library="default.py">
        <provides>video</provides>
  </extension>
  <extension point="xbmc.addon.metadata">
    <summary>Watch Vietnamese LiveTV channels</summary>
    <description>Watch Vietnamese LiveTV channels and other worlds TV from internet sources..</description>
    <platform>all</platform>
  </extension>
</addon>