<?xml version="1.0" encoding="UTF-8" standalone="yes"?>
<addon id="repository.gxx" name="Add-ons by gaixixon" version="1.0.1" provider-name="gaixixon">
	<extension point="xbmc.addon.repository" name="gaixixon's Add-ons">
		<info compressed="false">https://raw.githubusercontent.com/gaixixon/kodi/master/addons.xml</info>
		<checksum>https://raw.githubusercontent.com/gaixixon/kodi/master/addons.xml.md5</checksum>
		<datadir zip="true">https://raw.githubusercontent.com/gaixixon/kodi/master/</datadir>
	</extension>
	<extension point="xbmc.addon.metadata">
		<summary>Install gaixixon's add-ons</summary>
		<forum>http://forums.addons.center/board/21-gaixixon-addons/</forum>
		<description>Addons by gaixixon</description>
		<platform>all</platform>
	</extension>
</addon>