<?xml version="1.0" encoding="UTF-8" standalone="yes"?>
<addon id="repository.gxx"
		name="Add-ons by gxx"
		version="1.0.1"
		provider-name="gaixixon">
	  <requires>
	    <import addon="xbmc.addon" version="12.0.0"/>
	  </requires>
		<extension point="xbmc.addon.repository"
			name="gxx Add-on Repository">
			<info compressed="true">https://raw.githubusercontent.com/gaixixon/kodi/master/addon.xml</info>
			<checksum>https://raw.githubusercontent.com/gaixixon/kodi/master/addon.xml.md5</checksum>
			<datadir zip="true">https://raw.githubusercontent.com/gaixixon/kodi/master/</datadir>
		</extension>
		<extension point="xbmc.addon.metadata">
			<summary lang="en">addons by gaixixon</summary>
			<description lang="en"></description>
			<disclaimer lang="en"></disclaimer>
			<platform>all</platform>
			<license>GNU GENERAL PUBLIC LICENSE. Version 2, June 1991</license>
			<forum>http://forums.addons.center/board/21-gaixixon-addons/</forum>
		</extension>
	</addon>