<?xml version="1.0" encoding="UTF-8" standalone="yes"?>
<addon 	id="repository.gxx" 
		name="Add-ons by gaixixon@gmail.com" 
		version="1.0.5" 
		provider-name="gaixixon">
	<requires>
		<import addon="xbmc.addon" version="12.0.0"/>
	</requires>
	<extension 	point="xbmc.addon.repository" 
				name="gaixixon's Add-ons">
			<info compressed="true">https://raw.githubusercontent.com/gaixixon/kodi/master/addons.xml</info>
			<checksum>https://raw.githubusercontent.com/gaixixon/kodi/master/addons.xml.md5</checksum>
			<datadir zip="true">https://raw.githubusercontent.com/gaixixon/kodi/master/</datadir>
			<hashes>true</hashes>
	</extension>
	<extension point="xbmc.addon.metadata">
			<summary>Install gaixixon's add-ons</summary>
			<description>http://forums.addons.center/board/21-gaixixon-addons/</description>
			<disclaimer lang="en"></disclaimer>
			<platform>all</platform>
	</extension>
</addon>